agent_name,customer_name,invoice_number,invoice_date,total_amount,accumulated_total_amount,anp_commission,anp_commission_date
CHING ZHE HANG,YAP JUN HONG (ATAP),INV-1008298,2026-02-10,26738.50,26738.50,0.00,2026-03
CHING ZHE HANG,CHIN KUM SUN (ATAP),INV-1008394,2026-02-24,20043.96,46782.46,0.00,2026-03
CHING ZHE HANG,TIONG SIEW TIEN (ATAP),INV-1008410,2026-02-27,30914.00,77696.46,500.00,2026-03
CHING ZHE HANG,KHOR KOK SENG (ATAP),INV-1008448,2026-03-04,40000.00,40000.00,0.00,2026-04
CHING ZHE HANG,MAGDALEN ONG SHIAU CHYI (ATAP),INV-1008583,2026-03-18,19037.00,59037.00,0.00,2026-04
CHING ZHE HANG,LIM YEE WAH,INV-1008603,2026-03-19,51000.00,110037.00,500.00,2026-04
CHING ZHE HANG,Anas Najmi,INV-1008658,2026-03-25,43098.00,153135.00,500.00,2026-04
CHING ZHE HANG,CHEE YOKE MUI,INV-1008664,2026-03-25,24794.00,177929.00,500.00,2026-04
CHING ZHE HANG,LIEW KIM SUI (ATAP),INV-1008821,2026-04-01,20000.00,20000.00,0.00,2026-05
CHING ZHE HANG,LOKE GIN KHEONG (ATAP),INV-1009099,2026-04-10,18695.00,38695.00,0.00,2026-05
CHING ZHE HANG,LIEW WEI HONG (ATAP),INV-1009100,2026-04-10,22400.00,61095.00,500.00,2026-05
CHING ZHE HANG,JC PRINT & OFFICE SDN. BHD. (ATAP),INV-1009209,2026-04-16,45000.00,106095.00,500.00,2026-05
CHING ZHE HANG,LEONG CHOW LIN,INV-1009236,2026-04-18,32900.00,138995.00,500.00,2026-05
CHING ZHE HANG,LIM TUCK SEONG (ATAP),INV-1009239,2026-04-18,20575.00,159570.00,500.00,2026-05
CHING ZHE HANG,LIM SHEUE LIH (ATAP),INV-1009245,2026-04-19,29535.00,189105.00,1000.00,2026-05
CHING ZHE HANG,LEE JIA WEI,INV-1009303,2026-04-21,19650.00,208755.00,1000.00,2026-05
CHING ZHE HANG,LOO CHENG FONG (ATAP),INV-1009312,2026-04-21,27150.00,235905.00,1000.00,2026-05
CHING ZHE HANG,YAP BOON SEAN (ATAP),INV-1009402,2026-04-26,30765.00,266670.00,1000.00,2026-05
CHING ZHE HANG,NGC SANCTUARY SDN BHD,INV-1009485,2026-05-01,43000.00,43000.00,0.00,2026-06
CHING ZHE HANG,AH CHING ALIGNMENT AUTO,INV-1009486,2026-05-01,27000.00,70000.00,500.00,2026-06
JOSHUA YAP JIA HAO,NURFATIN NABILA BINTI AHMAD ALI,INV-1009221,2026-04-17,30000.00,30000.00,0.00,2026-05
MARTIN HING,MARY WONG (ATAP),1008543,2026-02-02,28000.00,28000.00,0.00,2026-03
MARTIN HING,CHAN CHENG FATT (ATAP),INV-1008389,2026-02-24,31588.00,59588.00,0.00,2026-03
MARTIN HING,Sharazali Bin Saban (ATAP),INV-1008395,2026-02-24,19600.00,79188.00,500.00,2026-03
MARTIN HING,LEE THIEN BOON,INV-1008402,2026-02-26,20600.00,99788.00,500.00,2026-03
MARTIN HING,LIM GEOK BER (ATAP),INV-1008586,2026-03-18,19300.00,19300.00,0.00,2026-04
MARTIN HING,LIM KUI WEN (ATAP),INV-1008632,2026-03-22,28200.00,47500.00,0.00,2026-04
MARTIN HING,NG SAY EE (ATAP),INV-1008776,2026-03-31,27800.00,75300.00,500.00,2026-04
MARTIN HING,LIEW KOK SEONG (ATAP),INV-1008798,2026-03-31,22000.00,97300.00,500.00,2026-04
MARTIN HING,Wong Yok Hong,INV-1009204,2026-04-16,19000.00,19000.00,0.00,2026-05
MARTIN HING,LAI MIN CHIEW (ATAP),INV-1009299,2026-04-20,32500.00,51500.00,0.00,2026-05
Ng Zhan Yi,NG CHEE HONG,1008310,2026-01-01,26500.00,26500.00,0.00,2026-02
Ng Zhan Yi,Ong Li Yen,1008355,2026-01-05,19500.00,46000.00,0.00,2026-02
Ng Zhan Yi,Yik Wai San,1008533,2026-02-02,30000.00,30000.00,0.00,2026-03
Ng Zhan Yi,LIM CHIT CHOON (ATAP),INV-1008750,2026-03-30,25500.00,25500.00,0.00,2026-04
Ng Zhan Yi,WONG SIEOW PHEY,INV-1008751,2026-03-30,25000.00,50500.00,0.00,2026-04
Ng Zhan Yi,Thoo Jun Wei,INV-1008752,2026-03-30,27700.00,78200.00,500.00,2026-04
Ng Zhan Yi,Happy Art Creation Studio (Shop-Lot),INV-1008754,2026-03-30,30000.00,108200.00,500.00,2026-04
Ng Zhan Yi,FOO SYUEH WEN (Eng Ann) (ATAP),INV-1009085,2026-04-09,38000.00,38000.00,0.00,2026-05
Ng Zhan Yi,Tan Boon Keong(Eng Ann),INV-1009086,2026-04-09,27800.00,65800.00,500.00,2026-05
Ng Zhan Yi,ENG ANN (M) SDN. BHD.  (COMMERCIAL) (PLO46) (ATAP),INV-1009087,2026-04-09,23200.00,89000.00,500.00,2026-05
Ng Zhan Yi,ENG ANN (M) SDN. BHD. (COMMERCIAL)  (PTD 53661 - SELCO),INV-1009088,2026-04-09,96000.00,185000.00,1000.00,2026-05
Ng Zhan Yi,Wong Wei Wei,INV-1009474,2026-04-30,42600.00,227600.00,1000.00,2026-05
Ng Zhan Yi,Yap Bee Bee,INV-1009475,2026-04-30,36000.00,263600.00,1000.00,2026-05
Safwan Nazri,SADISEN PILLAI A/L SADANAN PILLAI,INV-1009477,2026-04-30,8000.00,8000.00,0.00,2026-05
Sunny Tan,CHAI YONG BING,INV-1008337,2026-02-12,39923.70,39923.70,0.00,2026-03
Sunny Tan,CHING CHIN MIN (ATAP),INV-1008343,2026-02-12,28000.00,67923.70,500.00,2026-03
Sunny Tan,KUEK SIOW HOCK,INV-1008360,2026-02-14,42000.00,109923.70,500.00,2026-03
Sunny Tan,AW MUN LAI (ATAP),INV-1008361,2026-02-14,28000.00,137923.70,500.00,2026-03
Sunny Tan,TANG PEI XIN (ATAP),INV-1008366,2026-02-15,28000.00,165923.70,500.00,2026-03
Sunny Tan,LIM FOO HONG 7,INV-1008592,2026-03-18,40000.00,40000.00,0.00,2026-04
Sunny Tan,LIM FOO HONG 5,INV-1008597,2026-03-18,28000.00,68000.00,500.00,2026-04
Sunny Tan,CHAN YOU KIANG (ATAP),INV-1008598,2026-03-18,30724.50,98724.50,500.00,2026-04
Sunny Tan,WONG YUNG MING (ATAP),INV-1008693,2026-03-26,21200.00,119924.50,500.00,2026-04
Sunny Tan,LOW LIM HUAT (ATAP),INV-1008737,2026-03-29,22430.00,142354.50,500.00,2026-04
Sunny Tan,LOY KIM XIA (ATAP),INV-1008756,2026-03-30,30000.00,172354.50,500.00,2026-04
Sunny Tan,KOH MEI LING (ATAP),INV-1008765,2026-03-31,27375.00,199729.50,1000.00,2026-04
Sunny Tan,DING GAR GING (ATAP),INV-1008795,2026-03-31,31000.00,230729.50,1000.00,2026-04
Sunny Tan,TAY YOOK KEE,INV-1009230,2026-04-17,20000.00,20000.00,0.00,2026-05
Sunny Tan,GEE YOKE ENG (ATAP),INV-1009346,2026-04-23,31000.00,51000.00,0.00,2026-05
Sunny Tan,AMOS CHONG,INV-1009622,2026-05-12,12000.00,12000.00,0.00,2026-06
TAN JIA HAO,"CHIN JING YUAN (CANCEL PACKAGE, REFUND RM1500 ON 28/04/2026)",1008320,2026-01-02,29590.00,29590.00,0.00,2026-02
TAN JIA HAO,Max Ng,INV-1008086,2026-01-22,46000.00,75590.00,500.00,2026-02
TAN JIA HAO,Max Ng,1008512,2026-01-26,46000.00,121590.00,500.00,2026-02
TAN JIA HAO,Lee Zhan Hong (ATAP),1008540,2026-02-02,21000.00,21000.00,0.00,2026-03
TAN JIA HAO,CHENG KHING YIN,1008541,2026-02-02,21000.00,42000.00,0.00,2026-03
TAN JIA HAO,Leong Yoon Chin (ATAP),1008542,2026-02-02,34000.00,76000.00,500.00,2026-03
TAN JIA HAO,BONG KUET TSIN (ATAP),INV-1008377,2026-02-23,20500.00,96500.00,500.00,2026-03
TAN JIA HAO,Chai Shang Tat,INV-1008800,2026-03-31,21000.00,21000.00,0.00,2026-04
TAN JIA HAO,OO PUI SHAN (ATAP),INV-1009029,2026-04-06,19000.00,19000.00,0.00,2026-05
TAN JIA HAO,KU IK CHI (ATAP),INV-1009115,2026-04-11,25800.00,44800.00,0.00,2026-05
TAN JIA HAO,"ZHANG, HE-JIE (ATAP)",INV-1009619,2026-05-12,59000.00,59000.00,0.00,2026-06
Teng Kah Kent,Ng Chew Yen (ATAP),1008316,2026-01-01,33800.00,33800.00,0.00,2026-02
Teng Kah Kent,Yuki Teng Hui Xin (Atap),1008391,2026-01-10,20500.00,54300.00,0.00,2026-02
Teng Kah Kent,Ng Yann Chyn@ Ng Yann Fey (ATAP),1008398,2026-01-11,20800.00,75100.00,500.00,2026-02
Teng Kah Kent,Cheong Hong Wee (Atap),1008435,2026-01-16,29800.00,104900.00,500.00,2026-02
Teng Kah Kent,Kalaiselvan A/L Arumugam (ATAP),INV-1008424,2026-02-28,19800.00,19800.00,0.00,2026-03
Teng Kah Kent,Lee Kim Hoi @ Lee Kim Hai (ATAP),INV-1008468,2026-03-06,35300.00,35300.00,0.00,2026-04
Teng Kah Kent,Tok Eng Han (ATAP),INV-1008537,2026-03-15,39800.00,75100.00,500.00,2026-04
Teng Kah Kent,Tang Kam Keong (ATAP),INV-1008656,2026-03-24,18500.00,93600.00,500.00,2026-04
Teng Kah Kent,Soon Siew Yin (ATAP),INV-1008673,2026-03-25,24800.00,118400.00,500.00,2026-04
Teng Kah Kent,Mohd Hosaini Bin Abd Jalil ,INV-1008772,2026-03-31,17500.00,135900.00,500.00,2026-04
Teng Kah Kent,Mohd Hosaini Bin Abd Jalil ,INV-1008773,2026-03-31,17500.00,153400.00,500.00,2026-04
Teng Kah Kent,Teng Kah Kent,INV-1008787,2026-03-31,19200.00,172600.00,500.00,2026-04
Teng Kah Kent,PERTUBUHAN KEBAJIKAN ANAK-ANAK YATIM DAMO KLUANG (SHOP-LOT),INV-1008794,2026-03-31,39800.00,212400.00,1000.00,2026-04
Teng Kah Kent,OO YEE LING (ATAP),INV-1009379,2026-04-25,17800.00,17800.00,0.00,2026-05
Teng Kah Kent,Rais Bin Alos ,INV-1009749,2026-05-20,25800.00,25800.00,0.00,2026-06
Vincent Tan,Liew Pui Yee (ATAP),1008475,2026-01-18,33503.25,33503.25,0.00,2026-02
Vincent Tan,Chong Shek Har (ATAP),1008548,2026-02-02,29000.00,29000.00,0.00,2026-03
Vincent Tan,CHIE WENG KAY (ATAP),INV-1008494,2026-03-11,27000.00,27000.00,0.00,2026-04
Vincent Tan,SOU POI MEW (ATAP),INV-1008554,2026-03-16,33800.00,60800.00,500.00,2026-04
Vincent Tan,Chuah Chin Aun (ATAP),INV-1008620,2026-03-20,36000.00,96800.00,500.00,2026-04
Vincent Tan,CHONG YIT HAO (ATAP),INV-1008621,2026-03-20,26000.00,122800.00,500.00,2026-04
Vincent Tan,ONG CHEE WEI (ATAP),INV-1008690,2026-03-26,26000.00,148800.00,500.00,2026-04
Vincent Tan,YOON HON MUN (ATAP),INV-1008807,2026-04-01,25888.00,25888.00,0.00,2026-05
Vincent Tan,LIM CHZE WEI (ATAP),INV-1008808,2026-04-01,33800.00,59688.00,0.00,2026-05
Vincent Tan,Wong Woei Kiong,INV-1008809,2026-04-01,35000.00,94688.00,500.00,2026-05
Vincent Tan,LIM AIR CONDITIONER & ACCESSORIES SPECIALIST SDN BHD (SHOP-LOT),INV-1009176,2026-04-15,32000.00,126688.00,500.00,2026-05
Vincent Tan,Soh swee yu,INV-1009481,2026-05-01,36500.00,36500.00,0.00,2026-06
ZUL,BURHANUDDIN HALMI BIN HASIN,1008358,2026-01-05,29990.00,29990.00,0.00,2026-02
ZUL,ABDUL RASHID BIN OMAR (ATAP),1008400,2026-01-12,32600.00,62590.00,500.00,2026-02
ZUL,Tuan Amirul Ref,INV-1008203,2026-01-31,20655.00,83245.00,500.00,2026-02
ZUL,NOOR HAMIRUL ANUAR BIN NORDIN (ATAP),1008537,2026-02-02,34000.00,34000.00,0.00,2026-03
ZUL,ADNAN BIN AB WAHAB (ATAP),INV-1008563,2026-03-17,19535.75,19535.75,0.00,2026-04
ZUL,ZULFADHLI,INV-1009127,2026-04-12,21500.00,21500.00,0.00,2026-05
ZUL,TAJOL MOLOK BIN YUNOS,INV-1009337,2026-04-22,30000.00,51500.00,0.00,2026-05
ZUL,MOHD FAIZAL BIN RAMLI (ATAP),INV-1009507,2026-05-04,26700.00,26700.00,0.00,2026-06
