payout_period,agent_name,agent_type,customer_name,invoice_number,invoice_date,first_payment_date,invoice_total_amount,epp_internal,sales_price,accumulated_sales_price,anp_commission_line,anp_commission_accumulated_tier,anp_commission_date
inv-2026-02_pay-2026-03,TAN JIA HAO,internal,Lee Zhan Hong (ATAP),1008540,2026-02-02,2026-01-27,21000.00,0.00,21000.00,21000.00,0.00,0.00,2026-03
inv-2026-02_pay-2026-03,TAN JIA HAO,internal,CHENG KHING YIN,1008541,2026-02-02,2026-01-30,21000.00,0.00,21000.00,42000.00,0.00,0.00,2026-03
inv-2026-02_pay-2026-03,TAN JIA HAO,internal,Leong Yoon Chin (ATAP),1008542,2026-02-02,2026-01-30,34000.00,0.00,34000.00,76000.00,0.00,500.00,2026-03
inv-2026-02_pay-2026-03,TAN JIA HAO,internal,BONG KUET TSIN (ATAP),INV-1008377,2026-02-23,2026-02-15,20500.00,0.00,20500.00,96500.00,0.00,500.00,2026-03
inv-2026-02_pay-2026-03,Sunny Tan,internal,CHAI YONG BING (ATAP),INV-1008337,2026-02-12,2026-02-13,39923.70,0.00,39923.70,39923.70,0.00,0.00,2026-03
inv-2026-02_pay-2026-03,Sunny Tan,internal,CHING CHIN MIN (ATAP),INV-1008343,2026-02-12,2026-02-10,28000.00,0.00,28000.00,67923.70,0.00,500.00,2026-03
inv-2026-02_pay-2026-03,Sunny Tan,internal,KUEK SIOW HOCK,INV-1008360,2026-02-14,2026-02-17,42000.00,0.00,42000.00,109923.70,0.00,500.00,2026-03
inv-2026-02_pay-2026-03,Sunny Tan,internal,AW MUN LAI (ATAP),INV-1008361,2026-02-14,2026-02-14,28000.00,0.00,28000.00,137923.70,0.00,500.00,2026-03
inv-2026-02_pay-2026-03,Sunny Tan,internal,TANG PEI XIN (ATAP),INV-1008366,2026-02-15,2026-02-23,28000.00,0.00,28000.00,165923.70,0.00,500.00,2026-03
inv-2026-02_pay-2026-03,Vincent Tan,internal,Chong Shek Har (ATAP),1008548,2026-02-02,2026-01-30,29000.00,0.00,29000.00,29000.00,0.00,0.00,2026-03
inv-2026-02_pay-2026-03,Teng Kah Kent,internal,Kalaiselvan A/L Arumugam (ATAP),INV-1008424,2026-02-28,2026-02-28,19800.00,0.00,19800.00,19800.00,0.00,0.00,2026-03
inv-2026-02_pay-2026-03,MARTIN HING,internal,MARY WONG (ATAP),1008543,2026-02-02,2026-01-29,28000.00,0.00,28000.00,28000.00,0.00,0.00,2026-03
inv-2026-02_pay-2026-03,MARTIN HING,internal,CHAN CHENG FATT (ATAP),INV-1008389,2026-02-24,2026-02-23,31588.00,0.00,31588.00,59588.00,0.00,0.00,2026-03
inv-2026-02_pay-2026-03,MARTIN HING,internal,Sharazali Bin Saban (ATAP),INV-1008395,2026-02-24,2026-02-26,19600.00,0.00,19600.00,79188.00,0.00,500.00,2026-03
inv-2026-02_pay-2026-03,MARTIN HING,internal,LEE THIEN BOON,INV-1008402,2026-02-26,2026-02-28,20600.00,0.00,20600.00,99788.00,0.00,500.00,2026-03
inv-2026-02_pay-2026-03,CHING ZHE HANG,internal,YAP JUN HONG (ATAP),INV-1008298,2026-02-10,2026-02-10,26738.50,0.00,26738.50,26738.50,0.00,0.00,2026-03
inv-2026-02_pay-2026-03,CHING ZHE HANG,internal,CHIN KUM SUN (ATAP),INV-1008394,2026-02-24,2026-02-25,20043.96,0.00,20043.96,46782.46,0.00,0.00,2026-03
inv-2026-02_pay-2026-03,CHING ZHE HANG,internal,TIONG SIEW TIEN (ATAP),INV-1008410,2026-02-27,2026-02-27,30914.00,0.00,30914.00,77696.46,0.00,500.00,2026-03
inv-2026-02_pay-2026-03,ZUL,internal,NOOR HAMIRUL ANUAR BIN NORDIN (ATAP),1008537,2026-02-02,2026-01-30,34000.00,0.00,34000.00,34000.00,0.00,0.00,2026-03
inv-2026-02_pay-2026-03,Ng Zhan Yi,internal,Yik Wai San,1008533,2026-02-02,2026-01-28,30000.00,0.00,30000.00,30000.00,0.00,0.00,2026-03
